date,gold,wti,gor_wti
1946-01-31,34.7100,1.1700,29.6667
1946-02-28,34.7100,1.1700,29.6667
1946-03-31,34.7100,1.1700,29.6667
1946-04-30,34.7100,1.2700,27.3307
1946-05-31,34.7100,1.2700,27.3307
1946-06-30,34.7100,1.2700,27.3307
1946-07-31,34.7100,1.2700,27.3307
1946-08-31,34.7100,1.5200,22.8355
1946-09-30,34.7100,1.5200,22.8355
1946-10-31,34.7100,1.5200,22.8355
1946-11-30,34.7100,1.5200,22.8355
1946-12-31,34.7100,1.6200,21.4259
1947-01-31,34.7100,1.6200,21.4259
1947-02-28,34.7100,1.6200,21.4259
1947-03-31,34.7100,1.6200,21.4259
1947-04-30,34.7100,1.8700,18.5615
1947-05-31,34.7100,1.8700,18.5615
1947-06-30,34.7100,1.8700,18.5615
1947-07-31,34.7100,1.8700,18.5615
1947-08-31,34.7100,1.8700,18.5615
1947-09-30,34.7100,1.8700,18.5615
1947-10-31,34.7100,1.8700,18.5615
1947-11-30,34.7100,2.0700,16.7681
1947-12-31,34.7100,2.0700,16.7681
1948-01-31,34.7100,2.5700,13.5058
1948-02-29,34.7100,2.5700,13.5058
1948-03-31,34.7100,2.5700,13.5058
1948-04-30,34.7100,2.5700,13.5058
1948-05-31,34.7100,2.5700,13.5058
1948-06-30,34.7100,2.5700,13.5058
1948-07-31,34.7100,2.5700,13.5058
1948-08-31,34.7100,2.5700,13.5058
1948-09-30,34.7100,2.5700,13.5058
1948-10-31,34.7100,2.5700,13.5058
1948-11-30,34.7100,2.5700,13.5058
1948-12-31,34.7100,2.5700,13.5058
1949-01-31,31.6900,2.5700,12.3307
1949-02-28,31.6900,2.5700,12.3307
1949-03-31,31.6900,2.5700,12.3307
1949-04-30,31.6900,2.5700,12.3307
1949-05-31,31.6900,2.5700,12.3307
1949-06-30,31.6900,2.5700,12.3307
1949-07-31,31.6900,2.5700,12.3307
1949-08-31,31.6900,2.5700,12.3307
1949-09-30,31.6900,2.5700,12.3307
1949-10-31,31.6900,2.5700,12.3307
1949-11-30,31.6900,2.5700,12.3307
1949-12-31,31.6900,2.5700,12.3307
1950-01-31,34.7200,2.5700,13.5097
1950-02-28,34.7200,2.5700,13.5097
1950-03-31,34.7200,2.5700,13.5097
1950-04-30,34.7200,2.5700,13.5097
1950-05-31,34.7200,2.5700,13.5097
1950-06-30,34.7200,2.5700,13.5097
1950-07-31,34.7200,2.5700,13.5097
1950-08-31,34.7200,2.5700,13.5097
1950-09-30,34.7200,2.5700,13.5097
1950-10-31,34.7200,2.5700,13.5097
1950-11-30,34.7200,2.5700,13.5097
1950-12-31,34.7200,2.5700,13.5097
1951-01-31,34.7200,2.5700,13.5097
1951-02-28,34.7200,2.5700,13.5097
1951-03-31,34.7200,2.5700,13.5097
1951-04-30,34.7200,2.5700,13.5097
1951-05-31,34.7200,2.5700,13.5097
1951-06-30,34.7200,2.5700,13.5097
1951-07-31,34.7200,2.5700,13.5097
1951-08-31,34.7200,2.5700,13.5097
1951-09-30,34.7200,2.5700,13.5097
1951-10-31,34.7200,2.5700,13.5097
1951-11-30,34.7200,2.5700,13.5097
1951-12-31,34.7200,2.5700,13.5097
1952-01-31,34.6000,2.5700,13.4630
1952-02-29,34.6000,2.5700,13.4630
1952-03-31,34.6000,2.5700,13.4630
1952-04-30,34.6000,2.5700,13.4630
1952-05-31,34.6000,2.5700,13.4630
1952-06-30,34.6000,2.5700,13.4630
1952-07-31,34.6000,2.5700,13.4630
1952-08-31,34.6000,2.5700,13.4630
1952-09-30,34.6000,2.5700,13.4630
1952-10-31,34.6000,2.5700,13.4630
1952-11-30,34.6000,2.5700,13.4630
1952-12-31,34.6000,2.5700,13.4630
1953-01-31,34.8400,2.5700,13.5564
1953-02-28,34.8400,2.5700,13.5564
1953-03-31,34.8400,2.5700,13.5564
1953-04-30,34.8400,2.5700,13.5564
1953-05-31,34.8400,2.5700,13.5564
1953-06-30,34.8400,2.8200,12.3546
1953-07-31,34.8400,2.8200,12.3546
1953-08-31,34.8400,2.8200,12.3546
1953-09-30,34.8400,2.8200,12.3546
1953-10-31,34.8400,2.8200,12.3546
1953-11-30,34.8400,2.8200,12.3546
1953-12-31,34.8400,2.8200,12.3546
1954-01-31,35.0400,2.8200,12.4255
1954-02-28,35.0400,2.8200,12.4255
1954-03-31,35.0400,2.8200,12.4255
1954-04-30,35.0400,2.8200,12.4255
1954-05-31,35.0400,2.8200,12.4255
1954-06-30,35.0400,2.8200,12.4255
1954-07-31,35.0400,2.8200,12.4255
1954-08-31,35.0400,2.8200,12.4255
1954-09-30,35.0400,2.8200,12.4255
1954-10-31,35.0400,2.8200,12.4255
1954-11-30,35.0400,2.8200,12.4255
1954-12-31,35.0400,2.8200,12.4255
1955-01-31,35.0300,2.8200,12.4220
1955-02-28,35.0300,2.8200,12.4220
1955-03-31,35.0300,2.8200,12.4220
1955-04-30,35.0300,2.8200,12.4220
1955-05-31,35.0300,2.8200,12.4220
1955-06-30,35.0300,2.8200,12.4220
1955-07-31,35.0300,2.8200,12.4220
1955-08-31,35.0300,2.8200,12.4220
1955-09-30,35.0300,2.8200,12.4220
1955-10-31,35.0300,2.8200,12.4220
1955-11-30,35.0300,2.8200,12.4220
1955-12-31,35.0300,2.8200,12.4220
1956-01-31,34.9900,2.8200,12.4078
1956-02-29,34.9900,2.8200,12.4078
1956-03-31,34.9900,2.8200,12.4078
1956-04-30,34.9900,2.8200,12.4078
1956-05-31,34.9900,2.8200,12.4078
1956-06-30,34.9900,2.8200,12.4078
1956-07-31,34.9900,2.8200,12.4078
1956-08-31,34.9900,2.8200,12.4078
1956-09-30,34.9900,2.8200,12.4078
1956-10-31,34.9900,2.8200,12.4078
1956-11-30,34.9900,2.8200,12.4078
1956-12-31,34.9900,2.8200,12.4078
1957-01-31,34.9500,2.8200,12.3936
1957-02-28,34.9500,3.0700,11.3844
1957-03-31,34.9500,3.0700,11.3844
1957-04-30,34.9500,3.0700,11.3844
1957-05-31,34.9500,3.0700,11.3844
1957-06-30,34.9500,3.0700,11.3844
1957-07-31,34.9500,3.0700,11.3844
1957-08-31,34.9500,3.0700,11.3844
1957-09-30,34.9500,3.0700,11.3844
1957-10-31,34.9500,3.0700,11.3844
1957-11-30,34.9500,3.0700,11.3844
1957-12-31,34.9500,3.0000,11.6500
1958-01-31,35.1000,3.0700,11.4332
1958-02-28,35.1000,3.0700,11.4332
1958-03-31,35.1000,3.0700,11.4332
1958-04-30,35.1000,3.0700,11.4332
1958-05-31,35.1000,3.0700,11.4332
1958-06-30,35.1000,3.0700,11.4332
1958-07-31,35.1000,3.0700,11.4332
1958-08-31,35.1000,3.0700,11.4332
1958-09-30,35.1000,3.0700,11.4332
1958-10-31,35.1000,3.0700,11.4332
1958-11-30,35.1000,3.0000,11.7000
1958-12-31,35.1000,3.0000,11.7000
1959-01-31,35.1000,3.0000,11.7000
1959-02-28,35.1000,3.0000,11.7000
1959-03-31,35.1000,2.9700,11.8182
1959-04-30,35.1000,2.9700,11.8182
1959-05-31,35.1000,2.9700,11.8182
1959-06-30,35.1000,2.9700,11.8182
1959-07-31,35.1000,2.9700,11.8182
1959-08-31,35.1000,2.9700,11.8182
1959-09-30,35.1000,2.9700,11.8182
1959-10-31,35.1000,2.9700,11.8182
1959-11-30,35.1000,2.9700,11.8182
1959-12-31,35.1000,2.9700,11.8182
1960-01-31,35.2700,2.9700,11.8754
1960-02-29,35.0000,2.9700,11.7845
1960-03-31,35.0000,2.9700,11.7845
1960-04-30,35.2700,2.9700,11.8754
1960-05-31,35.2700,2.9700,11.8754
1960-06-30,35.0000,2.9700,11.7845
1960-07-31,35.2700,2.9700,11.8754
1960-08-31,35.2700,2.9700,11.8754
1960-09-30,35.2700,2.9700,11.8754
1960-10-31,35.2700,2.9700,11.8754
1960-11-30,35.2700,2.9700,11.8754
1960-12-31,35.0000,2.9700,11.7845
1961-01-31,35.2500,2.9700,11.8687
1961-02-28,35.0000,2.9700,11.7845
1961-03-31,35.0000,2.9700,11.7845
1961-04-30,35.0000,2.9700,11.7845
1961-05-31,35.0000,2.9700,11.7845
1961-06-30,35.0000,2.9700,11.7845
1961-07-31,35.0000,2.9700,11.7845
1961-08-31,35.2500,2.9700,11.8687
1961-09-30,35.0000,2.9700,11.7845
1961-10-31,35.2500,2.9700,11.8687
1961-11-30,35.0000,2.9700,11.7845
1961-12-31,35.0000,2.9700,11.7845
1962-01-31,35.0000,2.9700,11.7845
1962-02-28,35.0000,2.9700,11.7845
1962-03-31,35.0000,2.9700,11.7845
1962-04-30,35.2300,2.9700,11.8620
1962-05-31,35.0000,2.9700,11.7845
1962-06-30,35.0000,2.9700,11.7845
1962-07-31,35.0000,2.9700,11.7845
1962-08-31,35.0000,2.9700,11.7845
1962-09-30,35.2300,2.9700,11.8620
1962-10-31,35.0000,2.9700,11.7845
1962-11-30,35.0000,2.9700,11.7845
1962-12-31,35.2300,2.9700,11.8620
1963-01-31,35.0000,2.9700,11.7845
1963-02-28,35.0000,2.9700,11.7845
1963-03-31,35.0000,2.9700,11.7845
1963-04-30,35.0000,2.9700,11.7845
1963-05-31,35.0000,2.9700,11.7845
1963-06-30,35.0000,2.9700,11.7845
1963-07-31,35.0000,2.9700,11.7845
1963-08-31,35.0000,2.9700,11.7845
1963-09-30,35.0000,2.9700,11.7845
1963-10-31,35.0000,2.9700,11.7845
1963-11-30,35.0000,2.9700,11.7845
1963-12-31,35.0000,2.9700,11.7845
1964-01-31,35.0000,2.9700,11.7845
1964-02-29,35.0000,2.9700,11.7845
1964-03-31,35.0000,2.9700,11.7845
1964-04-30,35.0000,2.9700,11.7845
1964-05-31,35.1000,2.9700,11.8182
1964-06-30,35.1000,2.9700,11.8182
1964-07-31,35.0000,2.9200,11.9863
1964-08-31,35.0000,2.9200,11.9863
1964-09-30,35.0000,2.9200,11.9863
1964-10-31,35.0000,2.9200,11.9863
1964-11-30,35.0000,2.9200,11.9863
1964-12-31,35.1000,2.9200,12.0205
1965-01-31,35.0000,2.9200,11.9863
1965-02-28,35.0000,2.9200,11.9863
1965-03-31,35.0000,2.9200,11.9863
1965-04-30,35.0000,2.9200,11.9863
1965-05-31,35.0000,2.9200,11.9863
1965-06-30,35.0000,2.9200,11.9863
1965-07-31,35.1200,2.9200,12.0274
1965-08-31,35.0000,2.9200,11.9863
1965-09-30,35.0000,2.9200,11.9863
1965-10-31,35.0000,2.9200,11.9863
1965-11-30,35.0000,2.9200,11.9863
1965-12-31,35.0000,2.9200,11.9863
1966-01-31,35.0000,2.9200,11.9863
1966-02-28,35.0000,2.9200,11.9863
1966-03-31,35.0000,2.9200,11.9863
1966-04-30,35.0000,2.9200,11.9863
1966-05-31,35.0000,2.9200,11.9863
1966-06-30,35.0000,2.9200,11.9863
1966-07-31,35.0000,2.9200,11.9863
1966-08-31,35.0000,2.9200,11.9863
1966-09-30,35.0000,2.9700,11.7845
1966-10-31,35.0000,2.9700,11.7845
1966-11-30,35.0000,2.9700,11.7845
1966-12-31,35.0000,2.9700,11.7845
1967-01-31,35.0000,2.9700,11.7845
1967-02-28,35.0000,3.0000,11.6667
1967-03-31,35.0000,3.0000,11.6667
1967-04-30,35.0000,3.0000,11.6667
1967-05-31,35.0000,3.0000,11.6667
1967-06-30,35.0000,3.0000,11.6667
1967-07-31,35.0000,3.0000,11.6667
1967-08-31,35.0000,3.0700,11.4007
1967-09-30,35.0000,3.0700,11.4007
1967-10-31,35.0000,3.0700,11.4007
1967-11-30,35.0000,3.0700,11.4007
1967-12-31,35.0000,3.0700,11.4007
1968-01-31,36.0000,3.0700,11.7264
1968-02-29,36.0000,3.0700,11.7264
1968-03-31,37.0000,3.0700,12.0521
1968-04-30,38.0000,3.0700,12.3779
1968-05-31,41.0000,3.0700,13.3550
1968-06-30,41.0000,3.0700,13.3550
1968-07-31,39.0000,3.0700,12.7036
1968-08-31,39.0000,3.0700,12.7036
1968-09-30,40.1800,3.0700,13.0879
1968-10-31,39.0000,3.0700,12.7036
1968-11-30,40.0000,3.0700,13.0293
1968-12-31,41.0000,3.0700,13.3550
1969-01-31,42.0000,3.0700,13.6808
1969-02-28,43.0000,3.0700,14.0065
1969-03-31,43.0000,3.2500,13.2308
1969-04-30,43.0000,3.3500,12.8358
1969-05-31,43.0000,3.3500,12.8358
1969-06-30,41.0000,3.3500,12.2388
1969-07-31,42.0000,3.3500,12.5373
1969-08-31,41.0000,3.3500,12.2388
1969-09-30,41.0000,3.3500,12.2388
1969-10-31,40.0000,3.3500,11.9403
1969-11-30,37.0000,3.3500,11.0448
1969-12-31,35.0000,3.3500,10.4478
1970-01-31,35.0000,3.3500,10.4478
1970-02-28,35.0000,3.3500,10.4478
1970-03-31,35.0000,3.3500,10.4478
1970-04-30,36.0000,3.3500,10.7463
1970-05-31,36.0000,3.3500,10.7463
1970-06-30,35.0000,3.3500,10.4478
1970-07-31,35.0000,3.3100,10.5740
1970-08-31,35.0000,3.3100,10.5740
1970-09-30,36.0000,3.3100,10.8761
1970-10-31,38.0000,3.3100,11.4804
1970-11-30,37.0000,3.3100,11.1782
1970-12-31,37.0000,3.5600,10.3933
1971-01-31,38.0000,3.5600,10.6742
1971-02-28,39.0000,3.5600,10.9551
1971-03-31,39.0000,3.5600,10.9551
1971-04-30,39.0000,3.5600,10.9551
1971-05-31,41.0000,3.5600,11.5169
1971-06-30,40.0000,3.5600,11.2360
1971-07-31,41.0000,3.5600,11.5169
1971-08-31,43.0000,3.5600,12.0787
1971-09-30,42.0000,3.5600,11.7978
1971-10-31,43.0000,3.5600,12.0787
1971-11-30,43.0000,3.5600,12.0787
1971-12-31,43.0000,3.5600,12.0787
1972-01-31,46.0000,3.5600,12.9213
1972-02-29,48.0000,3.5600,13.4831
1972-03-31,48.0000,3.5600,13.4831
1972-04-30,49.0000,3.5600,13.7640
1972-05-31,55.0000,3.5600,15.4494
1972-06-30,62.0000,3.5600,17.4157
1972-07-31,66.0000,3.5600,18.5393
1972-08-31,67.0000,3.5600,18.8202
1972-09-30,65.0000,3.5600,18.2584
1972-10-31,65.0000,3.5600,18.2584
1972-11-30,63.0000,3.5600,17.6966
1972-12-31,64.0000,3.5600,17.9775
1973-01-31,65.0000,3.5600,18.2584
1973-02-28,74.0000,3.5600,20.7865
1973-03-31,84.0000,3.5600,23.5955
1973-04-30,91.0000,3.5600,25.5618
1973-05-31,102.0000,3.5600,28.6517
1973-06-30,120.0000,3.5600,33.7079
1973-07-31,120.0000,3.5600,33.7079
1973-08-31,107.0000,4.3100,24.8260
1973-09-30,103.0000,4.3100,23.8979
1973-10-31,100.0000,4.3100,23.2019
1973-11-30,95.0000,4.3100,22.0418
1973-12-31,107.0000,4.3100,24.8260
1974-01-31,129.0000,10.1100,12.7596
1974-02-28,150.0000,10.1100,14.8368
1974-03-31,168.0000,10.1100,16.6172
1974-04-30,172.0000,10.1100,17.0129
1974-05-31,163.0000,10.1100,16.1227
1974-06-30,154.0000,10.1100,15.2324
1974-07-31,143.0000,10.1100,14.1444
1974-08-31,155.0000,10.1100,15.3314
1974-09-30,152.0000,10.1100,15.0346
1974-10-31,159.0000,11.1600,14.2473
1974-11-30,182.0000,11.1600,16.3082
1974-12-31,184.0000,11.1600,16.4875
1975-01-31,176.0000,11.1600,15.7706
1975-02-28,180.0000,11.1600,16.1290
1975-03-31,178.0000,11.1600,15.9498
1975-04-30,170.0000,11.1600,15.2330
1975-05-31,167.0000,11.1600,14.9642
1975-06-30,164.0000,11.1600,14.6953
1975-07-31,165.0000,11.1600,14.7849
1975-08-31,163.0000,11.1600,14.6057
1975-09-30,144.0000,11.1600,12.9032
1975-10-31,143.0000,11.1600,12.8136
1975-11-30,142.0000,11.1600,12.7240
1975-12-31,139.0000,11.1600,12.4552
1976-01-31,131.0500,11.1600,11.7428
1976-02-29,131.0000,12.0300,10.8894
1976-03-31,133.0000,12.1000,10.9917
1976-04-30,128.0000,12.1700,10.5177
1976-05-31,127.0000,12.1700,10.4355
1976-06-30,126.0000,12.1700,10.3533
1976-07-31,118.0000,12.1700,9.6960
1976-08-31,110.0000,12.1700,9.0386
1976-09-30,114.0000,13.9000,8.2014
1976-10-31,116.0000,13.9000,8.3453
1976-11-30,130.0000,13.9000,9.3525
1976-12-31,134.0000,13.9000,9.6403
1977-01-31,132.0000,13.9000,9.4964
1977-02-28,136.0000,13.9000,9.7842
1977-03-31,148.0000,13.9000,10.6475
1977-04-30,149.0000,13.9000,10.7194
1977-05-31,147.0000,13.9000,10.5755
1977-06-30,141.0000,13.9000,10.1439
1977-07-31,143.0000,13.9000,10.2878
1977-08-31,145.0000,14.8500,9.7643
1977-09-30,149.5300,14.8500,10.0694
1977-10-31,159.0000,14.8500,10.7071
1977-11-30,162.0000,14.8500,10.9091
1977-12-31,160.0000,14.8500,10.7744
1978-01-31,173.0000,14.8500,11.6498
1978-02-28,178.0000,14.8500,11.9865
1978-03-31,184.0000,14.8500,12.3906
1978-04-30,175.0000,14.8500,11.7845
1978-05-31,176.0000,14.8500,11.8519
1978-06-30,184.0000,14.8500,12.3906
1978-07-31,189.0000,14.8500,12.7273
1978-08-31,206.0000,14.8500,13.8721
1978-09-30,212.0000,14.8500,14.2761
1978-10-31,227.0000,14.8500,15.2862
1978-11-30,206.0000,14.8500,13.8721
1978-12-31,208.0000,14.8500,14.0067
1979-01-31,227.0000,14.8500,15.2862
1979-02-28,246.0000,15.8500,15.5205
1979-03-31,242.0000,15.8500,15.2681
1979-04-30,239.1100,15.8500,15.0858
1979-05-31,258.0000,18.1000,14.2541
1979-06-30,279.0000,19.1000,14.6073
1979-07-31,295.0000,21.7500,13.5632
1979-08-31,301.0000,26.5000,11.3585
1979-09-30,355.0000,28.5000,12.4561
1979-10-31,392.0000,29.0000,13.5172
1979-11-30,392.0000,31.0000,12.6452
1979-12-31,455.0000,32.5000,14.0000
1980-01-31,675.0000,32.5000,20.7692
1980-02-29,665.0000,37.0000,17.9730
1980-03-31,554.0000,38.0000,14.5789
1980-04-30,517.0000,39.5000,13.0886
1980-05-31,514.0000,39.5000,13.0127
1980-06-30,601.0000,39.5000,15.2152
1980-07-31,643.0000,39.5000,16.2785
1980-08-31,627.0000,38.0000,16.5000
1980-09-30,674.0000,36.0000,18.7222
1980-10-31,661.0000,36.0000,18.3611
1980-11-30,625.0000,36.0000,17.3611
1980-12-31,538.0000,37.0000,14.5405
1981-01-31,557.0000,38.0000,14.6579
1981-02-28,500.0000,38.0000,13.1579
1981-03-31,499.0000,38.0000,13.1316
1981-04-30,496.0000,38.0000,13.0526
1981-05-31,480.0000,38.0000,12.6316
1981-06-30,461.0000,36.0000,12.8056
1981-07-31,409.0000,36.0000,11.3611
1981-08-31,410.0000,36.0000,11.3889
1981-09-30,444.0000,36.0000,12.3333
1981-10-31,438.0000,35.0000,12.5143
1981-11-30,413.0000,36.0000,11.4722
1981-12-31,410.0000,35.0000,11.7143
1982-01-31,384.0000,33.8500,11.3442
1982-02-28,374.0000,31.5600,11.8504
1982-03-31,330.0000,28.4800,11.5871
1982-04-30,350.0000,33.4500,10.4634
1982-05-31,334.0000,35.9300,9.2959
1982-06-30,315.0000,35.0700,8.9820
1982-07-31,339.0000,34.1600,9.9239
1982-08-31,364.0000,33.9500,10.7216
1982-09-30,437.0000,35.6300,12.2649
1982-10-31,422.0000,35.6800,11.8274
1982-11-30,415.0000,34.1500,12.1523
1982-12-31,445.0000,31.7200,14.0290
1983-01-31,481.0000,31.1900,15.4216
1983-02-28,491.0000,28.9500,16.9603
1983-03-31,420.0000,28.8200,14.5732
1983-04-30,433.0000,30.6100,14.1457
1983-05-31,438.0000,30.0000,14.6000
1983-06-30,413.0000,31.0000,13.3226
1983-07-31,403.0000,31.6600,12.7290
1983-08-31,416.0000,31.9100,13.0367
1983-09-30,412.0000,31.1100,13.2433
1983-10-31,394.0000,30.4100,12.9563
1983-11-30,382.0000,29.8400,12.8016
1983-12-31,388.0000,29.2400,13.2695
1984-01-31,371.0000,29.6900,12.4958
1984-02-29,386.0000,30.1450,12.8048
1984-03-31,394.0000,30.7610,12.8084
1984-04-30,381.0000,30.6180,12.4437
1984-05-31,377.0000,30.5200,12.3526
1984-06-30,378.0000,29.9670,12.6139
1984-07-31,348.0000,28.7520,12.1035
1984-08-31,348.0000,29.2500,11.8974
1984-09-30,340.0000,29.3110,11.5997
1984-10-31,341.0000,28.7650,11.8547
1984-11-30,342.0000,28.0980,12.1717
1984-12-31,320.0000,25.4290,12.5841
1985-01-31,303.0000,25.6410,11.8170
1985-02-28,299.0000,27.2710,10.9640
1985-03-31,314.0000,28.2380,11.1198
1985-04-30,327.0000,28.8050,11.3522
1985-05-31,316.0000,27.6230,11.4397
1985-06-30,317.0000,27.1430,11.6789
1985-07-31,317.0000,27.3290,11.5994
1985-08-31,330.0000,27.7550,11.8897
1985-09-30,323.0000,28.2890,11.4179
1985-10-31,326.0000,29.5380,11.0366
1985-11-30,322.0000,30.8130,10.4501
1985-12-31,322.0000,27.2280,11.8261
1986-01-31,347.0000,22.9450,15.1231
1986-02-28,339.0000,15.4420,21.9531
1986-03-31,346.0000,12.6180,27.4211
1986-04-30,340.0000,12.8470,26.4653
1986-05-31,342.0000,15.4440,22.1445
1986-06-30,343.0000,13.4690,25.4659
1986-07-31,348.0000,11.5750,30.0648
1986-08-31,377.0000,15.0920,24.9801
1986-09-30,418.0000,14.9130,28.0292
1986-10-31,424.0000,14.8520,28.5483
1986-11-30,398.0000,15.2070,26.1722
1986-12-31,391.0000,16.0760,24.3220
1987-01-31,408.0000,18.6560,21.8696
1987-02-28,401.0000,17.7260,22.6221
1987-03-31,409.0000,18.3050,22.3436
1987-04-30,438.0000,18.6430,23.4941
1987-05-31,460.0000,19.4150,23.6930
1987-06-30,450.0000,20.0340,22.4618
1987-07-31,451.0000,21.3550,21.1192
1987-08-31,461.0000,20.2740,22.7385
1987-09-30,460.0000,19.5260,23.5583
1987-10-31,465.0000,19.8480,23.4281
1987-11-30,468.0000,18.9200,24.7357
1987-12-31,486.0000,17.2410,28.1886
1988-01-31,477.0000,17.1600,27.7972
1988-02-29,442.0000,16.7650,26.3644
1988-03-31,444.0000,16.2170,27.3787
1988-04-30,452.0000,17.8750,25.2867
1988-05-31,451.0000,17.4380,25.8631
1988-06-30,451.0000,16.5300,27.2837
1988-07-31,438.0000,15.4980,28.2617
1988-08-31,431.0000,15.5240,27.7635
1988-09-30,413.0000,14.4670,28.5477
1988-10-31,407.0000,13.7980,29.4970
1988-11-30,420.0000,13.9770,30.0494
1988-12-31,419.0000,16.2660,25.7593
1989-01-31,404.0000,17.9830,22.4657
1989-02-28,388.0000,17.8260,21.7660
1989-03-31,390.0000,19.4450,20.0566
1989-04-30,384.0000,21.0400,18.2510
1989-05-31,371.0000,20.0320,18.5204
1989-06-30,368.0000,20.0050,18.3954
1989-07-31,375.0000,19.6440,19.0898
1989-08-31,365.0000,18.5220,19.7063
1989-09-30,362.0000,19.5940,18.4750
1989-10-31,367.0000,20.0910,18.2669
1989-11-30,394.0000,19.8200,19.8789
1989-12-31,409.3900,21.0880,19.4134
1990-01-31,410.0000,22.6410,18.1087
1990-02-28,417.0000,22.1080,18.8620
1990-03-31,393.0000,20.4180,19.2477
1990-04-30,374.0000,18.5820,20.1270
1990-05-31,369.0000,18.2370,20.2336
1990-06-30,352.0000,16.8710,20.8642
1990-07-31,363.0000,18.6380,19.4763
1990-08-31,395.0000,27.1740,14.5360
1990-09-30,389.0000,33.6870,11.5475
1990-10-31,381.0000,35.9220,10.6063
1990-11-30,382.0000,32.3000,11.8266
1990-12-31,377.0000,27.3370,13.7908
1991-01-31,384.0000,24.9590,15.3852
1991-02-28,364.0000,20.5230,17.7362
1991-03-31,363.0000,19.8600,18.2779
1991-04-30,358.0000,20.8230,17.1925
1991-05-31,357.0000,21.2400,16.8079
1991-06-30,367.0000,20.1950,18.1728
1991-07-31,368.0000,21.4200,17.1802
1991-08-31,356.0000,21.6880,16.4146
1991-09-30,349.0000,21.8570,15.9674
1991-10-31,359.0000,23.2280,15.4555
1991-11-30,360.0000,22.4650,16.0249
1991-12-31,362.0000,19.5170,18.5479
1992-01-31,354.0000,18.8200,18.8098
1992-02-29,354.0000,18.9950,18.6365
1992-03-31,344.0000,18.9160,18.1857
1992-04-30,339.0000,20.2430,16.7465
1992-05-31,337.0000,20.9400,16.0936
1992-06-30,341.0000,22.3750,15.2402
1992-07-31,353.0000,21.7590,16.2232
1992-08-31,343.0000,21.3500,16.0656
1992-09-30,345.0000,21.9020,15.7520
1992-10-31,344.0000,21.6880,15.8613
1992-11-30,335.0000,20.3420,16.4684
1992-12-31,335.0000,19.4070,17.2618
1993-01-31,329.0000,19.0750,17.2477
1993-02-28,329.0000,20.0530,16.4065
1993-03-31,330.0000,20.3470,16.2186
1993-04-30,342.0000,20.2700,16.8722
1993-05-31,367.0000,19.9400,18.4052
1993-06-30,372.0000,19.0700,19.5071
1993-07-31,392.0000,17.8660,21.9411
1993-08-31,379.0000,18.0090,21.0450
1993-09-30,355.0000,17.5140,20.2695
1993-10-31,364.0000,18.1450,20.0606
1993-11-30,374.0000,16.6990,22.3966
1993-12-31,383.0000,14.5100,26.3956
1994-01-31,387.0000,15.0000,25.8000
1994-02-28,382.0000,14.7800,25.8457
1994-03-31,384.0000,14.6600,26.1937
1994-04-30,377.0000,16.3800,23.0159
1994-05-31,381.0000,17.8800,21.3087
1994-06-30,386.0000,19.0700,20.2412
1994-07-31,385.0000,19.6500,19.5929
1994-08-31,380.0000,18.3800,20.6746
1994-09-30,392.0000,17.4600,22.4513
1994-10-31,390.0000,17.7100,22.0215
1994-11-30,384.0000,18.1000,21.2155
1994-12-31,379.0000,17.1600,22.0862
1995-01-31,379.0000,17.9900,21.0673
1995-02-28,377.0000,18.5300,20.3454
1995-03-31,382.0000,18.5500,20.5930
1995-04-30,391.0000,19.8700,19.6779
1995-05-31,385.0000,19.7400,19.5035
1995-06-30,388.0000,18.4200,21.0641
1995-07-31,386.0000,17.3000,22.3121
1995-08-31,384.0000,18.0300,21.2978
1995-09-30,383.0000,18.2300,21.0093
1995-10-31,383.0000,17.4400,21.9610
1995-11-30,385.0000,17.9900,21.4008
1995-12-31,387.0000,19.0400,20.3256
1996-01-31,399.0000,18.8800,21.1335
1996-02-29,405.0000,19.0700,21.2375
1996-03-31,396.0000,21.3600,18.5393
1996-04-30,393.0000,23.5700,16.6737
1996-05-31,392.0000,21.2500,18.4471
1996-06-30,385.0000,20.4500,18.8264
1996-07-31,383.0000,21.3200,17.9644
1996-08-31,387.0000,21.9600,17.6230
1996-09-30,383.0000,23.9900,15.9650
1996-10-31,381.0000,24.9000,15.3012
1996-11-30,378.0000,23.7100,15.9426
1996-12-31,369.0000,25.3900,14.5333
1997-01-31,355.0000,25.1700,14.1041
1997-02-28,347.0000,22.2100,15.6236
1997-03-31,352.0000,20.9900,16.7699
1997-04-30,344.0000,19.7200,17.4442
1997-05-31,344.0000,20.8300,16.5146
1997-06-30,341.0000,19.1700,17.7882
1997-07-31,324.0000,19.6300,16.5053
1997-08-31,324.0000,19.9300,16.2569
1997-09-30,323.0000,19.7900,16.3214
1997-10-31,325.0000,21.2600,15.2869
1997-11-30,306.0000,20.1700,15.1710
1997-12-31,289.0000,18.3200,15.7751
1998-01-31,289.0000,16.7100,17.2950
1998-02-28,297.0000,16.0600,18.4932
1998-03-31,296.0000,15.0200,19.7071
1998-04-30,308.0000,15.4400,19.9482
1998-05-31,299.0000,14.8600,20.1211
1998-06-30,292.0000,13.6600,21.3763
1998-07-31,293.0000,14.0800,20.8097
1998-08-31,284.0000,13.3600,21.2575
1998-09-30,289.0000,14.9500,19.3311
1998-10-31,296.0000,14.3900,20.5698
1998-11-30,294.0000,12.8500,22.8794
1998-12-31,292.0000,11.2800,25.8865
1999-01-31,287.0000,12.4700,23.0152
1999-02-28,287.0000,12.0100,23.8968
1999-03-31,286.0000,14.6600,19.5089
1999-04-30,283.0000,17.3400,16.3206
1999-05-31,276.0000,17.7500,15.5493
1999-06-30,261.0000,17.8900,14.5892
1999-07-31,256.0000,20.0700,12.7554
1999-08-31,257.0000,21.2600,12.0884
1999-09-30,265.0000,23.8800,11.0972
1999-10-31,311.0000,22.6400,13.7367
1999-11-30,293.0000,24.9700,11.7341
1999-12-31,283.0000,26.0800,10.8512
2000-01-31,284.0000,27.1800,10.4489
2000-02-29,300.0000,29.3500,10.2215
2000-03-31,286.0000,29.8900,9.5684
2000-04-30,280.0000,25.7400,10.8780
2000-05-31,275.0000,28.7800,9.5552
2000-06-30,286.0000,31.8300,8.9852
2000-07-31,282.0000,29.7700,9.4726
2000-08-31,274.4700,31.2200,8.7915
2000-09-30,274.0000,33.8800,8.0874
2000-10-31,270.0000,33.0800,8.1620
2000-11-30,266.0000,34.4000,7.7326
2000-12-31,271.0000,28.4600,9.5221
2001-01-31,265.0000,29.5800,8.9588
2001-02-28,262.0000,29.6100,8.8484
2001-03-31,263.0000,27.2400,9.6549
2001-04-30,260.0000,27.4100,9.4856
2001-05-31,272.0000,28.6400,9.4972
2001-06-30,270.0000,27.6000,9.7826
2001-07-31,268.0000,26.4500,10.1323
2001-08-31,272.0000,27.4700,9.9017
2001-09-30,283.0000,25.8800,10.9351
2001-10-31,283.0000,22.2100,12.7420
2001-11-30,276.0000,19.6700,14.0315
2001-12-31,276.0000,19.3300,14.2783
2002-01-31,282.0000,19.6700,14.3366
2002-02-28,296.0000,20.7400,14.2719
2002-03-31,294.0000,24.4200,12.0393
2002-04-30,303.0000,26.2700,11.5341
2002-05-31,314.0000,27.0200,11.6210
2002-06-30,321.0000,25.5200,12.5784
2002-07-31,313.0000,26.9400,11.6184
2002-08-31,310.0000,28.3800,10.9232
2002-09-30,319.0000,29.6700,10.7516
2002-10-31,317.0000,28.8500,10.9879
2002-11-30,319.0000,26.2700,12.1431
2002-12-31,332.0000,29.4200,11.2848
2003-01-31,357.0000,32.9400,10.8379
2003-02-28,359.0000,35.8700,10.0084
2003-03-31,341.0000,33.5500,10.1639
2003-04-30,328.0000,28.2500,11.6106
2003-05-31,356.0000,28.1400,12.6510
2003-06-30,356.0000,30.7200,11.5885
2003-07-31,351.0000,30.7600,11.4109
2003-08-31,360.0000,31.5900,11.3960
2003-09-30,379.0000,28.2900,13.3970
2003-10-31,379.0000,30.3300,12.4959
2003-11-30,390.0000,31.0900,12.5442
2003-12-31,407.0000,32.1500,12.6594
2004-01-31,414.0000,34.2700,12.0805
2004-02-29,405.0000,34.7400,11.6580
2004-03-31,407.0000,36.7600,11.0718
2004-04-30,403.0000,36.6900,10.9839
2004-05-31,384.0000,40.2800,9.5333
2004-06-30,392.0000,38.0200,10.3104
2004-07-31,398.0000,40.6900,9.7813
2004-08-31,401.0000,44.9400,8.9230
2004-09-30,405.0000,45.9500,8.8139
2004-10-31,420.0000,53.1300,7.9051
2004-11-30,439.0000,48.4600,9.0590
2004-12-31,442.0000,43.3300,10.2008
2005-01-31,424.0000,46.8400,9.0521
2005-02-28,423.0000,47.9700,8.8180
2005-03-31,434.0000,54.3100,7.9912
2005-04-30,429.0000,53.0400,8.0882
2005-05-31,422.0000,49.8300,8.4688
2005-06-30,431.0000,56.2600,7.6609
2005-07-31,424.0000,58.7000,7.2232
2005-08-31,438.0000,64.9700,6.7416
2005-09-30,456.0000,65.5700,6.9544
2005-10-31,470.0000,62.3700,7.5357
2005-11-30,477.0000,58.3000,8.1818
2005-12-31,510.0000,59.4300,8.5815
2006-01-31,550.0000,65.5100,8.3957
2006-02-28,555.0000,61.6300,9.0054
2006-03-31,557.0000,62.9000,8.8553
2006-04-30,611.0000,69.6900,8.7674
2006-05-31,675.0000,70.9400,9.5151
2006-06-30,596.0000,70.9600,8.3991
2006-07-31,634.0000,74.4100,8.5204
2006-08-31,633.0000,73.0500,8.6653
2006-09-30,598.0000,63.8700,9.3628
2006-10-31,586.0000,58.8800,9.9524
2006-11-30,628.0000,59.3700,10.5777
2006-12-31,630.0000,62.0300,10.1564
2007-01-31,631.0000,54.5700,11.5631
2007-02-28,665.0000,59.2600,11.2217
2007-03-31,655.0000,60.5600,10.8157
2007-04-30,679.0000,63.9700,10.6144
2007-05-31,667.0000,63.4600,10.5106
2007-06-30,656.0000,67.4800,9.7214
2007-07-31,665.0000,74.1800,8.9647
2007-08-31,665.0000,72.3900,9.1864
2007-09-30,713.0000,79.9300,8.9203
2007-10-31,755.0000,86.2000,8.7587
2007-11-30,806.0000,94.6200,8.5183
2007-12-31,803.0000,91.7300,8.7540
2008-01-31,890.0000,92.9500,9.5750
2008-02-29,922.0000,95.3500,9.6696
2008-03-31,968.0000,105.5600,9.1701
2008-04-30,910.0000,112.5700,8.0839
2008-05-31,889.0000,125.3900,7.0899
2008-06-30,889.0000,133.9300,6.6378
2008-07-31,940.0000,133.4400,7.0444
2008-08-31,839.0000,116.6100,7.1949
2008-09-30,830.0000,103.9000,7.9885
2008-10-31,807.0000,76.6500,10.5284
2008-11-30,761.0000,57.4400,13.2486
2008-12-31,816.0000,41.0200,19.8927
2009-01-31,859.0000,41.7400,20.5798
2009-02-28,943.0000,39.1600,24.0807
2009-03-31,924.0000,47.9800,19.2580
2009-04-30,890.0000,49.7900,17.8751
2009-05-31,929.0000,59.1600,15.7032
2009-06-30,946.0000,69.6800,13.5763
2009-07-31,934.0000,64.0900,14.5733
2009-08-31,949.0000,71.0600,13.3549
2009-09-30,996.5900,69.4600,14.3477
2009-10-31,1043.0000,75.8200,13.7563
2009-11-30,1127.0000,78.0800,14.4339
2009-12-31,1135.0000,74.3000,15.2759
2010-01-31,1118.0000,78.2200,14.2930
2010-02-28,1095.0000,76.4200,14.3287
2010-03-31,1113.0000,81.2400,13.7001
2010-04-30,1149.0000,84.4800,13.6009
2010-05-31,1205.0000,73.8400,16.3191
2010-06-30,1233.0000,75.3500,16.3636
2010-07-31,1193.0000,76.3700,15.6213
2010-08-31,1216.0000,76.8200,15.8292
2010-09-30,1271.0000,75.3100,16.8769
2010-10-31,1342.0000,81.9000,16.3858
2010-11-30,1370.0000,84.1400,16.2824
2010-12-31,1391.0000,89.0400,15.6222
2011-01-31,1360.0000,89.4200,15.2091
2011-02-28,1375.0000,89.5800,15.3494
2011-03-31,1423.0000,102.9400,13.8236
2011-04-30,1481.0000,110.0400,13.4587
2011-05-31,1513.0000,101.3300,14.9314
2011-06-30,1529.0000,96.2900,15.8791
2011-07-31,1573.0000,97.1900,16.1848
2011-08-31,1759.0000,86.3300,20.3753
2011-09-30,1772.0000,85.6100,20.6985
2011-10-31,1666.0000,86.4100,19.2802
2011-11-30,1739.0000,97.2100,17.8891
2011-12-31,1640.0000,98.5700,16.6379
2012-01-31,1654.0000,100.2400,16.5004
2012-02-29,1745.0000,102.2500,17.0660
2012-03-31,1676.0000,106.1900,15.7830
2012-04-30,1649.0000,103.3300,15.9586
2012-05-31,1589.0000,94.7000,16.7793
2012-06-30,1599.0000,82.4100,19.4030
2012-07-31,1594.0000,87.9300,18.1281
2012-08-31,1630.0000,94.1600,17.3110
2012-09-30,1745.0000,94.7200,18.4227
2012-10-31,1747.0000,89.5700,19.5043
2012-11-30,1722.0000,86.6600,19.8708
2012-12-31,1685.0000,88.2500,19.0935
2013-01-31,1672.0000,94.6900,17.6576
2013-02-28,1628.0000,95.3200,17.0793
2013-03-31,1593.0000,93.0500,17.1198
2013-04-30,1488.0000,92.0700,16.1616
2013-05-31,1414.0000,94.8000,14.9156
2013-06-30,1343.0000,95.8000,14.0188
2013-07-31,1286.0000,104.6100,12.2933
2013-08-31,1352.0000,106.5700,12.6865
2013-09-30,1349.0000,106.2900,12.6917
2013-10-31,1317.0000,100.5400,13.0993
2013-11-30,1276.0000,93.8600,13.5947
2013-12-31,1222.0000,97.6300,12.5166
2014-01-31,1244.0000,94.6200,13.1473
2014-02-28,1300.0000,100.8200,12.8943
2014-03-31,1336.0000,100.8000,13.2540
2014-04-30,1298.0000,102.0700,12.7168
2014-05-31,1289.0000,102.1800,12.6150
2014-06-30,1279.0000,105.7900,12.0900
2014-07-31,1311.0000,103.5900,12.6557
2014-08-31,1295.0000,96.5400,13.4141
2014-09-30,1237.0000,93.2100,13.2711
2014-10-31,1222.0000,84.4000,14.4787
2014-11-30,1175.0000,75.7900,15.5034
2014-12-31,1201.0000,59.2900,20.2564
2015-01-31,1251.0000,47.2200,26.4930
2015-02-28,1227.0000,50.5800,24.2586
2015-03-31,1179.0000,47.8200,24.6550
2015-04-30,1199.0000,54.4500,22.0202
2015-05-31,1199.0000,59.2700,20.2295
2015-06-30,1182.0000,59.8200,19.7593
2015-07-31,1128.0000,50.9000,22.1611
2015-08-31,1118.0000,42.8700,26.0788
2015-09-30,1125.0000,45.4800,24.7361
2015-10-31,1159.0000,46.2200,25.0757
2015-11-30,1086.0000,42.4400,25.5891
2015-12-31,1076.0000,37.1900,28.9325
2016-01-31,1098.0000,31.6800,34.6591
2016-02-29,1200.0000,30.3200,39.5778
2016-03-31,1245.0000,37.5500,33.1558
2016-04-30,1242.0000,40.7500,30.4785
2016-05-31,1261.0000,46.7100,26.9964
2016-06-30,1276.0000,48.7600,26.1690
2016-07-31,1337.0000,44.6500,29.9440
2016-08-31,1340.0000,44.7200,29.9642
2016-09-30,1327.0000,45.1800,29.3714
2016-10-31,1267.0000,49.7800,25.4520
2016-11-30,1238.0000,45.6600,27.1134
2016-12-31,1157.0000,51.9700,22.2628
2017-01-31,1192.0000,52.5000,22.7048
2017-02-28,1234.0000,53.4700,23.0784
2017-03-31,1231.0000,49.3300,24.9544
2017-04-30,1267.0000,51.0600,24.8139
2017-05-31,1246.0000,48.4800,25.7013
2017-06-30,1260.0000,45.1800,27.8884
2017-07-31,1237.0000,46.6300,26.5280
2017-08-31,1283.0000,48.0400,26.7069
2017-09-30,1314.0000,49.8200,26.3749
2017-10-31,1280.0000,51.5800,24.8158
2017-11-30,1282.0000,56.6400,22.6342
2017-12-31,1264.0000,57.8800,21.8383
2018-01-31,1331.0000,63.7000,20.8948
2018-02-28,1331.0000,62.2300,21.3884
2018-03-31,1325.0000,62.7300,21.1223
2018-04-30,1335.0000,66.2500,20.1509
2018-05-31,1303.0000,69.9800,18.6196
2018-06-30,1282.0000,67.8700,18.8891
2018-07-31,1238.0000,70.9800,17.4415
2018-08-31,1202.0000,68.0600,17.6609
2018-09-30,1198.0000,70.2300,17.0582
2018-10-31,1215.0000,70.7500,17.1731
2018-11-30,1221.0000,56.9600,21.4361
2018-12-31,1250.0000,49.5200,25.2423
2019-01-31,1292.0000,51.3800,25.1460
2019-02-28,1320.0000,54.9500,24.0218
2019-03-31,1301.0000,58.1500,22.3732
2019-04-30,1286.0000,63.8600,20.1378
2019-05-31,1284.0000,60.8300,21.1080
2019-06-30,1359.0000,54.6600,24.8628
2019-07-31,1413.0000,57.3500,24.6382
2019-08-31,1500.0000,54.8100,27.3673
2019-09-30,1511.0000,56.9500,26.5320
2019-10-31,1495.0000,53.9600,27.7057
2019-11-30,1471.0000,57.0300,25.7934
2019-12-31,1479.0000,59.8800,24.6994
2020-01-31,1561.0000,57.5200,27.1384
2020-02-29,1597.0000,50.5400,31.5987
2020-03-31,1592.0000,29.2100,54.5019
2020-04-30,1683.0000,16.5500,101.6918
2020-05-31,1716.0000,28.5600,60.0840
2020-06-30,1732.0000,38.3100,45.2101
2020-07-31,1847.0000,40.7100,45.3697
2020-08-31,1969.0000,42.3400,46.5045
2020-09-30,1922.0000,39.6300,48.4986
2020-10-31,1900.0000,39.4000,48.2234
2020-11-30,1866.0000,40.9400,45.5789
2020-12-31,1858.0000,47.0200,39.5151
2021-01-31,1867.0000,52.0000,35.9038
2021-02-28,1808.0000,59.0400,30.6233
2021-03-31,1718.0000,62.3300,27.5630
2021-04-30,1760.0000,61.7200,28.5159
2021-05-31,1850.0000,65.1700,28.3873
2021-06-30,1835.0000,71.3800,25.7075
2021-07-31,1808.0000,72.4900,24.9414
2021-08-31,1785.0000,67.7300,26.3546
2021-09-30,1775.0000,71.6500,24.7732
2021-10-31,1777.0000,81.4800,21.8090
2021-11-30,1822.0000,79.1500,23.0196
2021-12-31,1790.0000,71.7100,24.9617
2022-01-31,1816.0000,83.2200,21.8217
2022-02-28,1856.0000,91.6400,20.2532
2022-03-31,1948.0000,108.5000,17.9539
2022-04-30,1937.0000,101.7800,19.0312
2022-05-31,1849.0000,109.5500,16.8781
2022-06-30,1837.0000,114.8400,15.9962
2022-07-31,1733.0000,101.6200,17.0537
2022-08-31,1765.0000,93.6700,18.8427
2022-09-30,1681.0000,84.2600,19.9502
2022-10-31,1664.0000,87.5500,19.0063
2022-11-30,1725.0000,84.3700,20.4457
2022-12-31,1798.0000,76.4400,23.5217
2023-01-31,1898.0000,78.1200,24.2960
2023-02-28,1855.0000,76.8300,24.1442
2023-03-31,1913.0000,73.2800,26.1053
2023-04-30,2000.0000,79.4500,25.1731
2023-05-31,1992.0000,71.5800,27.8290
2023-06-30,1943.0000,70.2500,27.6584
2023-07-31,1951.0000,76.0700,25.6474
2023-08-31,1919.0000,81.3900,23.5778
2023-09-30,1916.0000,89.4300,21.4246
2023-10-31,1916.0000,85.6400,22.3727
2023-11-30,1984.0000,77.6900,25.5374
2023-12-31,2026.0000,71.9000,28.1780
2024-01-31,2034.0000,74.1500,27.4309
2024-02-29,2023.0000,77.2500,26.1877
2024-03-31,2158.0000,81.2800,26.5502
2024-04-30,2331.0000,85.3500,27.3111
2024-05-31,2351.0000,80.0200,29.3802
2024-06-30,2326.0000,79.7700,29.1588
2024-07-31,2398.0000,81.8000,29.3154
2024-08-31,2470.0000,76.6800,32.2118
2024-09-30,2571.0000,70.2400,36.6031
2024-10-31,2690.0000,71.9900,37.3663
2024-11-30,2651.0000,69.9500,37.8985
2024-12-31,2648.0000,70.1200,37.7638
2025-01-31,2710.0000,75.7400,35.7803
2025-02-28,2895.0000,71.5300,40.4725
2025-03-31,2983.0000,68.2400,43.7134
2025-04-30,3218.0000,63.5400,50.6453
2025-05-31,3309.0000,62.1700,53.2250
2025-06-30,3353.0000,68.1700,49.1859
2025-07-31,3340.0000,68.3900,48.8375
2025-08-31,3368.0000,64.8600,51.9272
2025-09-30,3668.0000,63.9600,57.3483
2025-10-31,4058.3300,60.8900,66.6502
2025-11-30,4087.0000,60.0600,68.0486
2025-12-31,4309.0000,57.9700,74.3316
2026-01-31,4753.0000,60.0400,79.1639
2026-02-28,5020.0000,64.5100,77.8174
2026-03-31,4856.0000,91.3800,53.1407
2026-04-30,4721.0000,100.3200,47.0594
2026-05-31,4587.0000,102.1300,44.9133
2026-06-30,4228.0000,84.8100,49.8526
2026-07-31,4073.0000,80.4600,50.6214
2026-08-31,4411.0000,83.9000,52.5745
