date,credit
1990-01-31,1.7386
1990-02-28,1.6711
1990-03-31,1.6182
1990-04-30,1.5160
1990-05-31,1.6532
1990-06-30,1.7405
1990-07-31,1.7243
1990-08-31,1.6596
1990-09-30,1.7426
1990-10-31,2.0232
1990-11-30,2.2270
1990-12-31,2.3595
1991-01-31,2.3586
1991-02-28,2.2137
1991-03-31,1.9800
1991-04-30,1.9032
1991-05-31,1.7959
1991-06-30,1.6780
1991-07-31,1.6218
1991-08-31,1.7455
1991-09-30,1.8645
1991-10-31,1.9641
1991-11-30,2.0368
1991-12-31,2.1705
1992-01-31,2.0976
1992-02-29,1.8884
1992-03-31,1.7064
1992-04-30,1.7286
1992-05-31,1.7375
1992-06-30,1.7864
1992-07-31,1.9923
1992-08-31,2.0671
1992-09-30,2.2014
1992-10-31,2.2510
1992-11-30,2.0847
1992-12-31,2.0405
1993-01-31,2.0663
1993-02-28,2.1347
1993-03-31,2.1704
1993-04-30,2.1710
1993-05-31,2.1785
1993-06-30,2.1068
1993-07-31,2.1281
1993-08-31,1.9173
1993-09-30,1.9819
1993-10-31,1.9800
1993-11-30,1.9365
1993-12-31,1.9109
1994-01-31,1.8980
1994-02-28,1.7905
1994-03-31,1.6465
1994-04-30,1.5505
1994-05-31,1.4405
1994-06-30,1.5464
1994-07-31,1.5055
1994-08-31,1.5035
1994-09-30,1.5210
1994-10-31,1.4605
1994-11-30,1.3575
1994-12-31,1.2895
1995-01-31,1.3025
1995-02-28,1.3805
1995-03-31,1.4965
1995-04-30,1.5363
1995-05-31,1.5705
1995-06-30,1.7323
1995-07-31,1.7605
1995-08-31,1.7048
1995-09-30,1.7370
1995-10-31,1.7052
1995-11-30,1.7543
1995-12-31,1.7790
1996-01-31,1.8095
1996-02-29,1.8210
1996-03-31,1.7676
1996-04-30,1.6845
1996-05-31,1.5609
1996-06-30,1.4880
1996-07-31,1.4877
1996-08-31,1.5400
1996-09-30,1.5130
1996-10-31,1.5355
1996-11-30,1.5837
1996-12-31,1.5905
1997-01-31,1.5171
1997-02-28,1.5221
1997-03-31,1.4880
1997-04-30,1.4514
1997-05-31,1.4919
1997-06-30,1.5267
1997-07-31,1.5268
1997-08-31,1.5181
1997-09-30,1.5043
1997-10-31,1.5423
1997-11-30,1.5439
1997-12-31,1.5173
1998-01-31,1.6520
1998-02-28,1.6816
1998-03-31,1.6718
1998-04-30,1.6929
1998-05-31,1.6450
1998-06-30,1.6377
1998-07-31,1.6877
1998-08-31,1.8014
1998-09-30,2.2814
1998-10-31,2.6524
1998-11-30,2.5105
1998-12-31,2.5814
1999-01-31,2.5658
1999-02-28,2.3900
1999-03-31,2.3013
1999-04-30,2.2945
1999-05-31,2.1825
1999-06-30,2.1155
1999-07-31,2.1562
1999-08-31,2.2150
1999-09-30,2.2871
1999-10-31,2.2660
1999-11-30,2.1165
1999-12-31,1.9118
2000-01-31,1.6715
2000-02-29,1.7675
2000-03-31,2.1109
2000-04-30,2.4116
2000-05-31,2.4600
2000-06-30,2.3850
2000-07-31,2.2925
2000-08-31,2.4291
2000-09-30,2.5470
2000-10-31,2.6029
2000-11-30,2.5619
2000-12-31,2.7825
2001-01-31,2.7676
2001-02-28,2.7747
2001-03-31,2.9586
2001-04-30,2.9275
2001-05-31,2.6805
2001-06-30,2.6905
2001-07-31,2.7338
2001-08-31,2.8774
2001-09-30,3.2959
2001-10-31,3.3400
2001-11-30,3.1615
2001-12-31,2.9658
2002-01-31,2.8338
2002-02-28,2.9789
2002-03-31,2.8220
2002-04-30,2.8218
2002-05-31,2.9232
2002-06-30,3.0235
2002-07-31,3.2445
2002-08-31,3.3245
2002-09-30,3.5260
2002-10-31,3.7927
2002-11-30,3.5689
2002-12-31,3.4162
2003-01-31,3.2990
2003-02-28,3.1542
2003-03-31,3.1419
2003-04-30,2.8943
2003-05-31,2.8090
2003-06-30,2.8562
2003-07-31,2.6409
2003-08-31,2.5667
2003-09-30,2.5157
2003-10-31,2.4423
2003-11-30,2.3578
2003-12-31,2.3286
2004-01-31,2.2915
2004-02-29,2.1811
2004-03-31,2.2878
2004-04-30,2.1114
2004-05-31,2.0315
2004-06-30,2.0500
2004-07-31,2.1243
2004-08-31,2.1818
2004-09-30,2.1429
2004-10-31,2.1080
2004-11-30,2.0090
2004-12-31,1.9227
2005-01-31,1.7960
2005-02-28,1.6505
2005-03-31,1.5632
2005-04-30,1.7081
2005-05-31,1.8619
2005-06-30,1.8600
2005-07-31,1.7750
2005-08-31,1.6996
2005-09-30,1.8300
2005-10-31,1.8345
2005-11-30,1.8550
2005-12-31,1.8538
2006-01-31,1.8210
2006-02-28,1.7011
2006-03-31,1.6874
2006-04-30,1.6900
2006-05-31,1.6355
2006-06-30,1.6732
2006-07-31,1.6745
2006-08-31,1.7117
2006-09-30,1.7110
2006-10-31,1.6952
2006-11-30,1.6086
2006-12-31,1.6540
2007-01-31,1.5833
2007-02-28,1.5532
2007-03-31,1.7032
2007-04-30,1.6995
2007-05-31,1.6391
2007-06-30,1.5943
2007-07-31,1.6481
2007-08-31,1.9774
2007-09-30,2.0705
2007-10-31,1.9518
2007-11-30,2.2465
2007-12-31,2.5480
2008-01-31,2.7967
2008-02-29,3.0860
2008-03-31,3.3825
2008-04-30,3.2923
2008-05-31,3.0490
2008-06-30,2.9743
2008-07-31,3.1518
2008-08-31,3.2629
2008-09-30,3.6257
2008-10-31,5.0632
2008-11-30,5.6850
2008-12-31,6.0136
2009-01-31,5.6260
2009-02-28,5.2147
2009-03-31,5.6000
2009-04-30,5.4605
2009-05-31,4.7705
2009-06-30,3.7732
2009-07-31,3.5255
2009-08-31,2.9890
2009-09-30,2.9110
2009-10-31,2.9043
2009-11-30,2.9168
2009-12-31,2.7777
2010-01-31,2.5147
2010-02-28,2.6505
2010-03-31,2.5474
2010-04-30,2.4077
2010-05-31,2.6310
2010-06-30,3.0264
2010-07-31,2.9995
2010-08-31,2.9641
2010-09-30,3.0105
2010-10-31,3.1755
2010-11-30,3.1575
2010-12-31,2.8055
2011-01-31,2.6940
2011-02-28,2.5716
2011-03-31,2.6204
2011-04-30,2.5680
2011-05-31,2.6129
2011-06-30,2.7491
2011-07-31,2.7565
2011-08-31,3.0587
2011-09-30,3.2952
2011-10-31,3.2195
2011-11-30,3.1245
2011-12-31,3.2724
2012-01-31,3.2620
2012-02-29,3.1745
2012-03-31,3.0605
2012-04-30,3.1410
2012-05-31,3.2655
2012-06-30,3.3981
2012-07-31,3.3452
2012-08-31,3.2291
2012-09-30,3.1184
2012-10-31,2.8381
2012-11-30,2.8565
2012-12-31,2.9085
2013-01-31,2.8195
2013-02-28,2.8626
2013-03-31,2.8970
2013-04-30,2.8318
2013-05-31,2.7977
2013-06-30,2.8900
2013-07-31,2.7405
2013-08-31,2.6873
2013-09-30,2.6560
2013-10-31,2.6923
2013-11-30,2.6653
2013-12-31,2.4824
2014-01-31,2.3348
2014-02-28,2.3900
2014-03-31,2.3410
2014-04-30,2.1990
2014-05-31,2.2038
2014-06-30,2.2000
2014-07-31,2.1923
2014-08-31,2.2705
2014-09-30,2.2681
2014-10-31,2.3836
2014-11-30,2.4594
2014-12-31,2.5305
2015-01-31,2.5730
2015-02-28,2.5316
2015-03-31,2.4964
2015-04-30,2.5491
2015-05-31,2.6910
2015-06-30,2.7618
2015-07-31,2.8773
2015-08-31,3.0210
2015-09-30,3.1681
2015-10-31,3.2714
2015-11-30,3.1947
2015-12-31,3.2123
2016-01-31,3.3626
2016-02-29,3.5590
2016-03-31,3.2445
2016-04-30,2.9800
2016-05-31,2.8705
2016-06-30,2.8809
2016-07-31,2.7145
2016-08-31,2.6839
2016-09-30,2.6810
2016-10-31,2.6120
2016-11-30,2.5660
2016-12-31,2.3352
2017-01-31,2.2280
2017-02-28,2.2221
2017-03-31,2.2000
2017-04-30,2.2721
2017-05-31,2.2459
2017-06-30,2.1832
2017-07-31,2.0715
2017-08-31,2.1009
2017-09-30,2.1015
2017-10-31,1.9557
2017-11-30,1.9155
2017-12-31,1.8210
2018-01-31,1.6724
2018-02-28,1.6500
2018-03-31,1.7976
2018-04-30,1.8000
2018-05-31,1.8477
2018-06-30,1.9224
2018-07-31,1.9024
2018-08-31,1.8770
2018-09-30,1.8795
2018-10-31,1.9132
2018-11-30,2.1070
2018-12-31,2.3011
2019-01-31,2.4062
2019-02-28,2.2711
2019-03-31,2.2648
2019-04-30,2.1710
2019-05-31,2.2332
2019-06-30,2.3865
2019-07-31,2.2200
2019-08-31,2.2473
2019-09-30,2.2150
2019-10-31,2.2182
2019-11-30,2.1289
2019-12-31,2.0157
2020-01-31,2.0143
2020-02-29,2.1068
2020-03-31,3.4182
2020-04-30,3.4695
2020-05-31,3.2800
2020-06-30,2.9132
2020-07-31,2.6895
2020-08-31,2.6243
2020-09-30,2.6848
2020-10-31,2.6524
2020-11-30,2.4258
2020-12-31,2.2305
2021-01-31,2.1626
2021-02-28,2.1632
2021-03-31,2.1317
2021-04-30,1.9724
2021-05-31,1.9990
2021-06-30,1.9259
2021-07-31,1.9262
2021-08-31,1.9564
2021-09-30,1.8552
2021-10-31,1.7705
2021-11-30,1.7235
2021-12-31,1.8338
2022-01-31,1.8210
2022-02-28,2.0337
2022-03-31,2.1661
2022-04-30,1.9115
2022-05-31,2.2186
2022-06-30,2.1243
2022-07-31,2.3175
2022-08-31,2.2548
2022-09-30,2.1748
2022-10-31,2.2770
2022-11-30,2.1745
2022-12-31,1.9776
2023-01-31,1.9705
2023-02-28,1.8474
2023-03-31,2.0513
2023-04-30,2.0695
2023-05-31,2.1927
2023-06-30,2.0062
2023-07-31,1.8420
2023-08-31,1.8496
2023-09-30,1.7770
2023-10-31,1.8314
2023-11-30,1.7890
2023-12-31,1.6220
2024-01-31,1.6190
2024-02-29,1.5585
2024-03-31,1.5450
2024-04-30,1.4632
2024-05-31,1.4682
2024-06-30,1.5142
2024-07-31,1.5882
2024-08-31,1.7336
2024-09-30,1.6945
2024-10-31,1.5386
2024-11-30,1.4216
2024-12-31,1.4095
2025-01-31,1.4476
2025-02-28,1.4716
2025-03-31,1.6505
2025-04-30,1.9048
2025-05-31,1.8624
2025-06-30,1.7645
2025-07-31,1.7068
2025-08-31,1.7314
2025-09-30,1.7129
2025-10-31,1.6732
2025-11-30,1.7633
2025-12-31,1.7545
2026-01-31,1.6650
2026-02-28,1.6868
2026-03-31,1.7895
2026-04-30,1.7114
2026-05-31,1.6190
2026-06-30,1.5305
2026-07-31,1.5859
2026-08-31,1.6319
2026-09-30,1.5433
