date,vix,real10
1990-01-31,23.3473,
1990-02-28,23.2626,
1990-03-31,20.0623,
1990-04-30,21.4035,
1990-05-31,18.0977,
1990-06-30,16.8224,
1990-07-31,18.3929,
1990-08-31,28.1752,
1990-09-30,29.1074,
1990-10-31,29.6257,
1990-11-30,24.8857,
1990-12-31,23.3630,
1991-01-31,27.4291,
1991-02-28,21.5984,
1991-03-31,17.7442,
1991-04-30,17.3727,
1991-05-31,16.9323,
1991-06-30,17.1350,
1991-07-31,17.2941,
1991-08-31,15.6814,
1991-09-30,16.9565,
1991-10-31,16.3639,
1991-11-30,17.7735,
1991-12-31,18.3476,
1992-01-31,17.6832,
1992-02-29,17.4774,
1992-03-31,17.5205,
1992-04-30,16.5629,
1992-05-31,15.0770,
1992-06-30,15.2032,
1992-07-31,13.6018,
1992-08-31,14.4219,
1992-09-30,13.6967,
1992-10-31,17.6368,
1992-11-30,14.4245,
1992-12-31,12.1914,
1993-01-31,12.4090,
1993-02-28,13.7216,
1993-03-31,13.6061,
1993-04-30,12.8410,
1993-05-31,13.6060,
1993-06-30,12.5241,
1993-07-31,11.5005,
1993-08-31,11.9286,
1993-09-30,12.9314,
1993-10-31,11.8752,
1993-11-30,14.0838,
1993-12-31,11.3564,
1994-01-31,11.2905,
1994-02-28,13.6442,
1994-03-31,15.2235,
1994-04-30,16.4711,
1994-05-31,13.8971,
1994-06-30,13.4086,
1994-07-31,12.4845,
1994-08-31,11.8891,
1994-09-30,13.2333,
1994-10-31,15.2452,
1994-11-30,16.3838,
1994-12-31,14.1771,
1995-01-31,12.2743,
1995-02-28,11.4700,
1995-03-31,12.1665,
1995-04-30,12.4426,
1995-05-31,12.2659,
1995-06-30,11.8968,
1995-07-31,12.5140,
1995-08-31,12.7983,
1995-09-30,12.0570,
1995-10-31,14.3573,
1995-11-30,12.4690,
1995-12-31,11.7485,
1996-01-31,13.4736,
1996-02-29,15.0330,
1996-03-31,17.7624,
1996-04-30,16.5752,
1996-05-31,16.1464,
1996-06-30,16.3950,
1996-07-31,17.9786,
1996-08-31,15.7605,
1996-09-30,16.5780,
1996-10-31,16.3817,
1996-11-30,15.9970,
1996-12-31,19.2610,
1997-01-31,19.4733,
1997-02-28,20.1395,
1997-03-31,20.1700,
1997-04-30,19.6623,
1997-05-31,19.9248,
1997-06-30,20.1943,
1997-07-31,20.5291,
1997-08-31,23.0848,
1997-09-30,23.8124,
1997-10-31,23.8709,
1997-11-30,32.2061,
1997-12-31,26.2764,
1998-01-31,23.8665,
1998-02-28,19.9989,
1998-03-31,20.1586,
1998-04-30,22.0286,
1998-05-31,20.8740,
1998-06-30,21.6627,
1998-07-31,19.9300,
1998-08-31,31.5881,
1998-09-30,38.2048,
1998-10-31,36.6082,
1998-11-30,26.2230,
1998-12-31,25.4791,
1999-01-31,28.0353,
1999-02-28,28.8226,
1999-03-31,25.3096,
1999-04-30,23.4786,
1999-05-31,26.2045,
1999-06-30,23.6264,
1999-07-31,21.0490,
1999-08-31,24.3236,
1999-09-30,24.5414,
1999-10-31,24.0214,
1999-11-30,21.8181,
1999-12-31,22.1591,
2000-01-31,23.2020,
2000-02-29,23.5955,
2000-03-31,22.7183,
2000-04-30,27.1642,
2000-05-31,26.3732,
2000-06-30,21.5400,
2000-07-31,19.8930,
2000-08-31,18.0887,
2000-09-30,19.6875,
2000-10-31,25.2000,
2000-11-30,26.3829,
2000-12-31,26.5305,
2001-01-31,24.9186,
2001-02-28,23.4116,
2001-03-31,28.4968,
2001-04-30,28.1340,
2001-05-31,22.9441,
2001-06-30,20.9405,
2001-07-31,22.3162,
2001-08-31,21.8617,
2001-09-30,35.0653,
2001-10-31,32.7213,
2001-11-30,26.6310,
2001-12-31,23.7200,
2002-01-31,22.2529,
2002-02-28,22.8758,
2002-03-31,18.9850,
2002-04-30,19.9005,
2002-05-31,20.0877,
2002-06-30,25.2710,
2002-07-31,34.0495,
2002-08-31,33.7427,
2002-09-30,37.6475,
2002-10-31,35.2430,
2002-11-30,28.1750,
2002-12-31,28.2105,
2003-01-31,27.4243,2.2943
2003-02-28,32.2184,1.9900
2003-03-31,30.6343,1.9443
2003-04-30,23.9919,2.1838
2003-05-31,20.2395,1.9081
2003-06-30,20.3624,1.7219
2003-07-31,19.1614,2.1095
2003-08-31,19.2743,2.3205
2003-09-30,19.5324,2.1862
2003-10-31,18.0235,2.0764
2003-11-30,17.4011,1.9639
2003-12-31,16.8264,1.9836
2004-01-31,16.1010,1.8875
2004-02-29,15.9984,1.7621
2004-03-31,17.6874,1.4652
2004-04-30,15.6986,1.9029
2004-05-31,17.7050,2.0900
2004-06-30,15.3427,2.1462
2004-07-31,15.5024,2.0243
2004-08-31,16.6841,1.8595
2004-09-30,14.0810,1.7990
2004-10-31,14.9738,1.7290
2004-11-30,13.5776,1.6760
2004-12-31,12.4595,1.6686
2005-01-31,13.4380,1.7235
2005-02-28,11.7089,1.6311
2005-03-31,13.1264,1.7873
2005-04-30,14.4590,1.7057
2005-05-31,13.9676,1.6533
2005-06-30,11.8686,1.6745
2005-07-31,11.0490,1.8765
2005-08-31,12.9513,1.8891
2005-09-30,12.6281,1.6990
2005-10-31,14.9376,1.9425
2005-11-30,12.1476,2.0635
2005-12-31,11.2600,2.1233
2006-01-31,12.0360,2.0060
2006-02-28,12.4711,2.0489
2006-03-31,11.6939,2.1974
2006-04-30,11.8474,2.4089
2006-05-31,14.4545,2.4459
2006-06-30,16.9186,2.5295
2006-07-31,15.3260,2.5070
2006-08-31,13.3517,2.2909
2006-09-30,12.1845,2.3195
2006-10-31,11.3064,2.4114
2006-11-30,10.8176,2.2919
2006-12-31,10.9645,2.2505
2007-01-31,11.0425,2.4367
2007-02-28,11.1553,2.3605
2007-03-31,15.1627,2.1768
2007-04-30,12.9330,2.2557
2007-05-31,13.2977,2.3736
2007-06-30,14.9476,2.6910
2007-07-31,17.2733,2.6367
2007-08-31,25.0261,2.4383
2007-09-30,22.1989,2.2574
2007-10-31,19.1157,2.2023
2007-11-30,25.5824,1.7680
2007-12-31,21.6510,1.7890
2008-01-31,25.8162,1.4690
2008-02-29,25.4560,1.4050
2008-03-31,27.1035,1.0910
2008-04-30,21.5627,1.3623
2008-05-31,18.3033,1.4600
2008-06-30,22.1105,1.6286
2008-07-31,24.3218,1.5691
2008-08-31,20.6957,1.6762
2008-09-30,30.2386,1.8500
2008-10-31,61.1774,2.7523
2008-11-30,62.6689,2.8883
2008-12-31,52.4050,2.1700
2009-01-31,44.6830,1.9120
2009-02-28,45.5705,1.7521
2009-03-31,44.7955,1.7091
2009-04-30,38.0638,1.5676
2009-05-31,31.9780,1.7170
2009-06-30,29.1405,1.8623
2009-07-31,26.1627,1.8227
2009-08-31,25.3371,1.7738
2009-09-30,24.9267,1.6419
2009-10-31,24.2523,1.4833
2009-11-30,23.7890,1.2753
2009-12-31,21.2395,1.3645
2010-01-31,20.6432,1.3747
2010-02-28,22.5400,1.4189
2010-03-31,17.7674,1.5083
2010-04-30,17.4243,1.5009
2010-05-31,31.9295,1.3070
2010-06-30,29.9164,1.2568
2010-07-31,25.5652,1.2410
2010-08-31,24.7459,1.0218
2010-09-30,22.5176,0.9090
2010-10-31,20.3733,0.5250
2010-11-30,20.0957,0.6660
2010-12-31,17.5695,1.0441
2011-01-31,17.3155,1.0605
2011-02-28,17.4300,1.2379
2011-03-31,20.7235,0.9639
2011-04-30,16.2440,0.8635
2011-05-31,16.9114,0.7786
2011-06-30,19.1532,0.7555
2011-07-31,19.2275,0.6235
2011-08-31,35.0291,0.1352
2011-09-30,36.5300,0.0776
2011-10-31,32.8290,0.1860
2011-11-30,31.9419,0.0015
2011-12-31,25.0476,-0.0314
2012-01-31,20.2280,-0.1080
2012-02-29,18.4205,-0.2545
2012-03-31,16.1673,-0.1414
2012-04-30,17.8230,-0.2138
2012-05-31,21.0018,-0.3414
2012-06-30,21.1310,-0.5005
2012-07-31,17.5652,-0.6019
2012-08-31,15.6896,-0.5857
2012-09-30,15.2847,-0.7132
2012-10-31,16.2762,-0.7486
2012-11-30,16.7019,-0.7725
2012-12-31,17.3070,-0.7575
2013-01-31,13.5052,-0.6086
2013-02-28,14.0726,-0.5705
2013-03-31,13.0315,-0.5850
2013-04-30,13.9673,-0.6523
2013-05-31,13.4936,-0.3550
2013-06-30,17.2715,0.2515
2013-07-31,13.9745,0.4600
2013-08-31,14.2100,0.5527
2013-09-30,14.6920,0.6640
2013-10-31,15.4078,0.4286
2013-11-30,12.9240,0.5479
2013-12-31,14.1924,0.7386
2014-01-31,14.2410,0.6319
2014-02-28,15.4700,0.5521
2014-03-31,14.8367,0.5557
2014-04-30,14.1981,0.5429
2014-05-31,12.4752,0.3681
2014-06-30,11.5414,0.3695
2014-07-31,12.2964,0.2795
2014-08-31,13.4919,0.2238
2014-09-30,13.4667,0.4610
2014-10-31,18.0587,0.3841
2014-11-30,13.4132,0.4456
2014-12-31,16.2923,0.5105
2015-01-31,19.1195,0.2745
2015-02-28,15.9042,0.2600
2015-03-31,14.8127,0.2809
2015-04-30,13.4948,0.0768
2015-05-31,13.3385,0.3320
2015-06-30,14.3395,0.4977
2015-07-31,14.3527,0.5036
2015-08-31,19.4281,0.5557
2015-09-30,24.3771,0.6500
2015-10-31,16.7895,0.5714
2015-11-30,16.2100,0.6926
2015-12-31,18.0255,0.7277
2016-01-31,23.7179,0.6653
2016-02-29,22.5170,0.4720
2016-03-31,15.8491,0.3373
2016-04-30,14.3005,0.1905
2016-05-31,14.8529,0.2119
2016-06-30,17.7745,0.1741
2016-07-31,13.1585,0.0385
2016-08-31,12.3996,0.0883
2016-09-30,14.2195,0.1157
2016-10-31,14.5852,0.0975
2016-11-30,15.2362,0.3200
2016-12-31,12.4724,0.5562
2017-01-31,11.6085,0.4210
2017-02-28,11.5305,0.4000
2017-03-31,11.8978,0.4857
2017-04-30,13.1363,0.3911
2017-05-31,10.8623,0.4668
2017-06-30,10.5136,0.4582
2017-07-31,10.2645,0.5460
2017-08-31,11.9757,0.4335
2017-09-30,10.4380,0.3680
2017-10-31,10.1255,0.4981
2017-11-30,10.5405,0.4957
2017-12-31,10.2645,0.5030
2018-01-31,11.0624,0.5400
2018-02-28,22.4647,0.7574
2018-03-31,19.0238,0.7519
2018-04-30,18.2676,0.7414
2018-05-31,14.1245,0.8359
2018-06-30,13.6781,0.7948
2018-07-31,13.1476,0.7748
2018-08-31,12.5470,0.7900
2018-09-30,12.9105,0.8811
2018-10-31,19.3522,1.0409
2018-11-30,19.3890,1.1130
2018-12-31,24.9532,1.0163
2019-01-31,19.5724,0.9200
2019-02-28,15.2347,0.7995
2019-03-31,14.4852,0.6581
2019-04-30,12.9490,0.5957
2019-05-31,16.7218,0.5686
2019-06-30,15.8360,0.3740
2019-07-31,13.3059,0.3064
2019-08-31,18.9791,0.0400
2019-09-30,15.5590,0.1125
2019-10-31,15.4665,0.1459
2019-11-30,12.5235,0.1716
2019-12-31,13.7567,0.1448
2020-01-31,13.9410,0.0367
2020-02-29,19.6289,-0.1116
2020-03-31,57.7368,-0.1168
2020-04-30,41.4538,-0.4457
2020-05-31,30.8970,-0.4415
2020-06-30,31.1195,-0.5445
2020-07-31,26.8405,-0.8327
2020-08-31,22.8895,-1.0114
2020-09-30,27.6476,-0.9767
2020-10-31,29.4386,-0.9167
2020-11-30,24.9955,-0.8421
2020-12-31,22.3741,-0.9823
2021-01-31,24.9100,-1.0005
2021-02-28,23.1405,-0.9221
2021-03-31,21.8430,-0.6643
2021-04-30,17.4162,-0.7145
2021-05-31,19.7605,-0.8470
2021-06-30,16.9568,-0.8236
2021-07-31,17.6033,-1.0090
2021-08-31,17.4727,-1.0655
2021-09-30,19.8248,-0.9695
2021-10-31,17.8714,-0.9525
2021-11-30,18.5005,-1.0565
2021-12-31,21.3545,-0.9932
2022-01-31,23.1810,-0.6855
2022-02-28,25.7484,-0.5237
2022-03-31,26.9687,-0.7187
2022-04-30,24.3735,-0.1365
2022-05-31,29.3136,0.2095
2022-06-30,28.2332,0.5257
2022-07-31,24.9952,0.5340
2022-08-31,22.1696,0.3896
2022-09-30,27.3418,1.1367
2022-10-31,30.0057,1.5900
2022-11-30,23.2991,1.5200
2022-12-31,21.7843,1.3567
2023-01-31,20.1690,1.2945
2023-02-28,20.1205,1.4132
2023-03-31,21.6443,1.3609
2023-04-30,17.8179,1.1935
2023-05-31,17.6361,1.3600
2023-06-30,14.0032,1.5476
2023-07-31,13.9324,1.6030
2023-08-31,15.8539,1.8326
2023-09-30,15.1733,2.0370
2023-10-31,18.8877,2.4119
2023-11-30,14.0191,2.1986
2023-12-31,12.7185,1.8355
2024-01-31,13.3886,1.7919
2024-02-29,13.9805,1.9250
2024-03-31,13.7875,1.8970
2024-04-30,16.1377,2.1450
2024-05-31,13.0587,2.1482
2024-06-30,12.6670,2.0500
2024-07-31,14.3739,1.9741
2024-08-31,19.3123,1.7609
2024-09-30,17.6633,1.6160
2024-10-31,19.9609,1.8095
2024-11-30,16.0152,2.0347
2024-12-31,15.8662,2.0881
2025-01-31,16.7636,2.2286
2025-02-28,16.9680,2.0268
2025-03-31,21.8414,1.9462
2025-04-30,31.9662,2.0381
2025-05-31,20.4623,2.1105
2025-06-30,18.4033,2.0865
2025-07-31,16.3813,2.0082
2025-08-31,15.7500,1.8829
2025-09-30,15.7891,1.7490
2025-10-31,18.0865,1.7568
2025-11-30,19.7695,1.8278
2025-12-31,15.5482,1.8991
2026-01-31,16.1790,1.9070
2026-02-28,19.2070,1.8247
2026-03-31,25.5968,1.9091
2026-04-30,19.8119,1.9368
2026-05-31,17.2371,2.0390
2026-06-30,17.9068,2.1790
2026-07-31,17.0909,2.3532
2026-08-31,15.2295,2.3971
2026-09-30,15.9864,2.4867
